Produtos,
SOJA,
MILHO,
FERTILIZANTES,
CALCÁRIO,
FARELO,
TRIGO,
GRÃOS,
GESSO,
AÇÚCAR,
ADUBO,
SORGO,
SAL,
NÃO INFORMADO,
CAROÇO,
DDG,
SUCATA,
CIMENTO,
ARROZ,
NITRATO,
SACARIA,
APARAS DE PAPELÃO,
PLUMA DE ALGODÃO,
MINÉRIO,
FRUTAS,
FERRO GUSA,
FEIJÃO,
BAUXITA,
ESCÓRIA,
RAÇÃO,
COQUE,
FARINHA,
SEMENTES,
MADEIRA,
FOSFATO,
FARDOS,
MATERIAL DE CONSTRUÇÃO,
ALGODÃO,
CARVÃO,
CLÍNQUER,
CARGA A GRANEL,
CAL,
GERGELIM,
CAIXARIA,
CARGA PALETIZADA,
DERIVADOS,
RECICLAGEM,
DERIVADOS DE MILHO,
E-COMMERCE,
PALETE,
EMBALAGENS,
GIRASSOL,
PEDRAS,
VIDROS,
PNEU,
ALIMENTOS,
VARREDURA,
BEBIDAS,
MÓVEIS,
PEÇAS,
BAGAÇO DE CANA,
AMIDO,
CONTAINER,
SIDERÚRGICO,
CELULOSE,
COMBUSTÍVEL,
BENS DE CONSUMO,
CASCAS,
ÓLEO,
ENXOFRE,
EQUIPAMENTOS,
PLÁSTICO,
TINTA,
LINHA,
TANQUE,
FRACIONADO,
MÁQUINAS,
INDUSTRIALIZADOS,
INSUMOS,
PAPEL,
QUÍMICOM
ÁGUA,
GRAMA,
CAFÉ,
PRODUTO REFRIGERADO,
PÓ,
GÁS,
